{"stats":{"minecraft:custom":{"minecraft:jump":44,"minecraft:open_chest":2,"minecraft:time_since_rest":130,"minecraft:deaths":1,"minecraft:damage_dealt":4,"minecraft:damage_taken":295,"minecraft:crouch_one_cm":60,"minecraft:sprint_one_cm":17263,"minecraft:play_time":3634,"minecraft:time_since_death":563,"minecraft:walk_one_cm":10140,"minecraft:sneak_time":11,"minecraft:climb_one_cm":1082,"minecraft:total_world_time":3634,"minecraft:fall_one_cm":1420,"minecraft:fly_one_cm":6935,"minecraft:open_barrel":3},"minecraft:used":{"alexsmobs:animal_dictionary":1,"minecraft:wither_skeleton_skull":1,"tombstone:gift":1},"minecraft:killed_by":{"ancientlegends:dead_knight":1},"minecraft:mined":{"minecraft:wither_skeleton_skull":1,"minecraft:black_stained_glass_pane":2},"minecraft:picked_up":{"minecraft:wither_skeleton_skull":1}},"DataVersion":3465}