{"stats":{"minecraft:custom":{"minecraft:jump":100,"minecraft:damage_dealt":71,"minecraft:time_since_rest":1,"minecraft:damage_taken":495,"minecraft:leave_game":3,"minecraft:time_since_death":864,"minecraft:play_time":16194,"minecraft:crouch_one_cm":444,"minecraft:walk_one_cm":39622,"minecraft:sprint_one_cm":50721,"minecraft:deaths":2,"minecraft:sneak_time":153,"minecraft:climb_one_cm":741,"minecraft:total_world_time":16194,"minecraft:fall_one_cm":1593,"minecraft:fly_one_cm":17667,"minecraft:open_barrel":1},"minecraft:used":{"minecraft:oak_sign":1},"minecraft:killed_by":{"duckensinvasion:archer_duck":2},"minecraft:mined":{"minecraft:oak_log":2},"minecraft:picked_up":{"minecraft:oak_log":2,"minecraft:oak_sign":1}},"DataVersion":3465}